tile_id,centroid_lon,centroid_lat,min_lon,min_lat,max_lon,max_lat
000002,-125.21056627986589,48.07083932891577,-126.47207673095862,47.21642657868606,-123.96617156935633,48.92497679736155
000003,-123.29652833745835,48.46974087073348,-124.55273600981144,47.62302872419493,-122.05812766896058,49.31600970274531
000004,-121.3594438867909,48.842752451906215,-122.60907378118472,48.00423562051178,-120.12828900446722,49.68063145816491
000005,-119.40053189253722,49.18931673906957,-120.6422808470107,48.3595066545825,-118.17789792114093,50.01826776747665
000006,-117.4211130375023,49.508895673279476,-118.65365567067404,48.68831810217754,-116.20829252367783,50.32836626334606
000007,-115.4226068691578,49.800975084270156,-116.64460207130814,48.990167421172075,-114.22090334123943,50.61040146897913
000034,-124.61862285297289,46.77570796913193,-125.85127645558262,45.927620113337944,-123.40256274617033,47.62302872419493
000035,-122.73896465635362,47.16493028668778,-123.96617156935633,46.32469156117697,-121.52899269692864,48.00423562051178
000036,-120.8375697012163,47.52870296505722,-122.05812766896058,46.6967757747993,-119.6348655685007,48.3595066545825
000037,-118.91560654038892,47.86651658347127,-120.12828900446722,47.04337755954533,-117.72136991813848,48.68831810217754
000038,-116.9743363560374,48.17788045952261,-118.17789792114093,47.36401824958866,-115.78978146820585,48.990167421172075
000039,-115.01511015521872,48.46232671228137,-116.20829252367783,47.658239506655285,-113.8414598909357,49.26457759868677
000040,-113.03936501724884,48.719414333369066,-114.22090334123943,47.925607143048246,-111.87784469907409,49.511101485562364
000041,-111.04861938769469,48.94873320168677,-112.2172489764282,48.16571491226729,-109.90045024757495,49.729326045271804
000042,-109.04446743165207,49.14990797282716,-110.19893073990093,48.37818820588499,-107.91085986849221,49.91887643978181
000043,-107.0285724777902,49.322601771341084,-108.1676262922612,48.56268759219413,-105.91071917878807,50.079419872476386
000044,-105.00265960388718,49.4665196132962,-106.125082335653,48.71891213077192,-103.90172861841093,50.21066910839188
000045,-102.96850743363463,49.58141148819797,-104.0731064184573,48.84660239775205,-101.88563529312403,50.31238559492385
000046,-100.9279392327103,49.66707503348144,-102.01355793696918,48.94554315940761,-99.8642242125977,50.38438211195075
000049,-94.78643802882753,49.747429459173986,-95.81272239057687,49.05116677065551,-93.73808273770642,50.43873513765736
000062,-68.91200396395605,47.094903566122454,-70.12318919245311,46.2531799472083,-67.68370075005068,47.93572631212545
000063,-67.03648313458734,46.701035163519094,-68.25354110291174,45.85154615050499,-65.80295234349776,47.549785218710845
000066,-124.049506169434,45.483379635314364,-125.25447665597868,44.64085914573773,-122.86062524705187,46.32469156117697
000067,-122.20315350976259,45.86359925045356,-123.40256274617033,45.029051088734896,-121.02042974414992,46.6967757747993
000068,-120.33627918536574,46.21879041643415,-121.52899269692864,45.39264706279408,-119.16082520659671,47.04337755954533
000069,-118.45000320900023,46.54848657906897,-119.6348655685007,45.731192669515345,-117.28294873126721,47.36401824958866
000070,-116.54553006298774,46.852239265285064,-117.72136991813848,46.04424954920954,-115.38801687160122,47.658239506655285
000071,-114.62414596569754,47.129621673105554,-115.78978146820585,46.331398752359874,-113.47732255309023,47.925607143048246
000072,-112.68721530111151,47.380232248745216,-113.8414598909357,46.59224411401001,-111.55223120060343,48.16571491226729
000073,-110.73617621043041,47.60369819630314,-111.87784469907409,46.82641558265047,-109.61417608511755,48.37818820588499
000074,-108.77253535995195,47.79967886223414,-109.90045024757495,47.03357245181736,-107.66465291190157,48.56268759219413
000075,-106.79786191543594,47.96786893496055,-107.91085986849221,47.21340644049041,-105.70521368710192,48.71891213077192
000076,-104.81378076941297,48.10800139987328,-105.91071917878807,47.365644567694694,-103.73745991453795,48.84660239775205
000077,-102.82196508389335,48.21985019173065,-103.90172861841093,47.49005176763606,-101.76303518888935,48.94554315940761
000078,-100.8241282261653,48.30323249017004,-101.88563529312403,47.58643319433118,-99.78361726485623,49.01556563667938
000079,-98.82201518931133,48.35801060969238,-99.8642242125977,47.65463616905184,-97.80090969383735,49.05654931046785
000080,-96.8173936012145,48.384093442939594,-97.83930902863831,47.694551729923006,-95.81272239057687,49.068546758091614
000081,-94.81204443572175,48.381437425140184,-95.81663312976968,47.68930960325486,-93.78630604431451,49.06842322665777
000082,-92.80775254689902,48.3500469979333,-93.83251641362949,47.644160352550706,-91.76190080794323,49.05116677065551
000083,-90.80629715167287,48.289974562001035,-91.85028755141566,47.57074047419076,-89.7413365599754,49.00480989328367
000084,-88.8094423874292,48.20131991959074,-89.87166470301305,47.46916710638823,-87.72642237589695,48.929432782708275
000085,-86.81892806928697,48.084229219618116,-87.89834729907035,47.33960084943342,-85.71893694501928,48.82516499012746
000093,-71.31722654799653,46.15505783067723,-72.49410863575518,45.327328111895746,-70.12318919245311,46.98126706813403
000094,-69.45406281151409,45.795205784555314,-70.63800764224159,44.959152152755074,-68.25354110291174,46.629919532604184
000095,-67.6116183052423,45.410413203584525,-68.80151692421208,44.56646568711249,-66.40574233031852,46.2531799472083
000097,-125.29565291204928,43.796998601309596,-126.47865109577434,42.95166986376563,-124.12768654771686,44.64085914573773
000098,-123.50195938625117,44.19301203476422,-124.68035637747282,43.355365444120054,-122.33916602386765,45.029051088734896
000099,-121.6878784468967,44.564841547081755,-122.86062524705187,43.73526970772296,-120.53128947378946,45.39264706279408
000100,-119.85440442263328,44.912044898098,-121.02042974414992,44.09095254119505,-118.70507004701557,45.731192669515345
000101,-118.00261069325136,45.234194027098674,-119.16082520659671,44.42199631585419,-116.86159567936929,46.04424954920954
000102,-116.1336477721707,45.53087821970604,-117.28294873126721,44.72799886333747,-115.00202683882671,46.331398752359874
000103,-114.24874065930305,45.80170729040081,-115.38801687160122,45.00857647696862,-113.12759357805011,46.59224411401001
000104,-112.34918545404186,46.046314737678266,-113.47732255309023,45.263366900704455,-111.23959189096587,46.82641558265047
000105,-110.43634523037191,46.26436082549672,-111.55223120060343,45.49203226422019,-109.33937938254677,47.03357245181736
000106,-108.51164518917722,46.45553554235456,-109.61417608511755,45.69426192026411,-107.4283702733406,47.21340644049041
000107,-106.57656711643013,46.619561388227645,-107.66465291190157,45.869775139005995,-105.50802977293951,47.365644567694694
000108,-104.63264318968913,46.75619593987493,-105.70521368710192,46.018323613875125,-103.57986786915016,47.49005176763606
000109,-102.6814491888065,46.86523414677785,-103.73745991453795,46.139693734444066,-101.64543259171822,47.58643319433118
000110,-100.72459717952275,46.94651031327399,-101.76303518888935,46.23370858432866,-99.70630282069838,47.65463616905184
000111,-98.76372775027625,46.99989972724176,-99.78361726485623,46.30022962584247,-97.7640807195635,47.694551729923006
000112,-96.80050189267789,47.02531990189551,-97.80090969383735,46.339158038206115,-95.81663312976968,47.70623605690739
000113,-94.8365926243312,47.02273140467581,-95.82038388156857,46.33404567245678,-93.83251641362949,47.70611575053902
000114,-92.87367645871352,46.99213825562349,-93.8768372844277,46.29001254264604,-91.85028755141566,47.68930960325486
000115,-90.9134248304501,46.93358788670346,-91.93506515278483,46.21840200492562,-89.87166470301305,47.644160352550706
000116,-88.95749558537203,46.847170662951896,-89.99668283010172,46.11932030385199,-87.89834729907035,47.57074047419076
000117,-87.00752464321116,46.73301897569364,-88.06328876136672,45.99291318100476,-85.93200739993159,47.46916710638823
000118,-85.06511793670929,46.591305927054535,-86.13645668545634,45.83936447052297,-83.97428140485292,47.33960084943342
000119,-83.13184372445802,46.42224363323801,-84.21772813115196,45.65889435389481,-82.02676221144054,47.18224413983544
000123,-75.5197294687254,45.47798719848858,-76.65316767932825,44.6733535699622,-74.36869776654663,46.280303450716765
000124,-73.65384931627574,45.17656704153911,-74.79648246922541,44.36269391145579,-72.49410863575518,45.98833594487614
000125,-71.8053566697687,44.84975639645655,-72.9561115250242,44.027066045222604,-70.63800764224159,45.67053656819109
000126,-69.97538796581132,44.497969423036224,-71.13320211204744,43.666875222496756,-68.80151692421208,45.327328111895746
000127,-68.16500209855913,44.121637039775905,-69.32882849493733,43.28254160192248,-66.98567651964257,44.959152152755074
000129,-124.7383172560741,42.515996882684625,-125.89591425644001,41.67479375917083,-123.59532243022801,43.355365444120054
000130,-122.97481341220784,42.90382885177278,-124.12768654771686,42.0704174581654,-121.83707557196202,43.73526970772296
000131,-121.1920096638527,43.267825536752646,-122.33916602386765,42.44257426275214,-120.06050456343829,44.09095254119505
000132,-119.39086224094699,43.60757983010674,-120.53128947378946,42.790867639166436,-118.26658193631239,44.42199631585419
000133,-117.57239980422946,43.922698359129285,-118.70507004701557,43.114913207897764,-116.45634871720613,44.72799886333747
000134,-115.73772154361626,44.212804316610466,-116.86159567936929,43.4143414138413,-114.63091223563626,45.00857647696862
000135,-113.88799462787965,44.47754029133946,-115.00202683882671,43.68880020621805,-112.79144331636779,45.263366900704455
000136,-112.02445099921377,44.716571061394184,-113.12759357805011,43.93795769518968,-110.9391728561844,45.49203226422019
000137,-110.148383516856,44.92958631071302,-111.23959189096587,44.16150474962716,-109.07538779522805,45.69426192026411
000138,-108.26114146516609,45.11630322783013,-109.33937938254677,44.35915749874542,-107.20142650366205,45.869775139005995
000139,-106.3641254531674,45.27646894504424,-107.4283702733406,44.53065969941921,-105.31867361518725,46.018323613875125
000140,-104.45878174421624,45.40986277679575,-105.50802977293951,44.67578493106162,-103.42855434958913,46.139693734444066
000141,-102.546596065843,45.51629821771931,-103.57986786915016,44.79433858105293,-101.53252837670246,46.23370858432866
000142,-100.62908696055894,45.59562466374488,-101.64543259171822,44.886159585892415,-99.63208328363271,46.30022962584247
000143,-98.70779874819148,45.647728823706075,-99.70630282069838,44.951121896502784,-97.72872771546483,46.339158038206115
000144,-96.78429417877965,45.67253579409499,-97.7640807195635,44.989135640387794,-95.82038388156857,46.350553008470705
000145,-94.86014686192911,45.67000977573181,-95.82398426673905,44.984143500814184,-93.8768372844277,46.35043568233837
000146,-92.9369335635589,45.64015441800123,-93.91938220643961,44.9411445703999,-91.93506515278483,46.33404567245678
000147,-91.01622646398165,45.58301278370993,-92.01645012293417,44.871210914041505,-89.99668283010172,46.29001254264604
000148,-89.09958547214157,45.49866693527631,-90.11670857708764,44.77443916263726,-88.06328876136672,46.21840200492562
000149,-87.18855068955357,45.38723715059262,-88.22166285159149,44.65096193281836,-86.13645668545634,46.11932030385199
000150,-85.28463511409356,45.24888078422655,-86.33279588240482,44.50094660693834,-84.21772813115196,45.99291318100476
000151,-83.38931766840236,45.08379079638971,-84.451561454171,44.32459381459574,-82.30860530390446,45.83936447052297
000155,-75.92206076544703,44.16109336733795,-77.0306544537859,43.36087767322986,-74.79648246922541,44.95865767629337
000156,-74.09029325554819,43.866337549792455,-75.2079411896224,43.05687310378337,-72.9561115250242,44.6733535699622
000157,-72.27494990501516,43.54663741761054,-73.4006406970236,42.72831822643895,-71.13320211204744,44.36269391145579
000158,-70.47711704262963,43.20237305300022,-71.6098482458454,42.37558553785462,-69.32882849493733,44.027066045222604
000161,-124.20117644421344,41.23493490215585,-125.33434268752919,40.39728119797904,-123.08219677584516,42.0704174581654
000162,-122.46697964288155,41.61510932944977,-123.59532243022801,40.785341383331314,-121.35332096684321,42.44257426275214
000163,-120.71449664477399,41.9717823301465,-121.83707557196202,41.15024587611488,-119.60708270439554,42.790867639166436
000164,-118.9446468460031,42.30457867126143,-120.06050456343829,41.49162870583647,-117.84441548521858,43.114913207897764
000165,-117.15841608716299,42.61313634384987,-118.26658193631239,41.80913565338061,-116.06631561719813,43.4143414138413
000166,-115.35685478389325,42.89710910018273,-116.45634871720613,42.10242665316942,-114.27384009901795,43.68880020621805
000167,-113.54107547993787,43.15616897917895,-114.63091223563626,42.371178193135165,-112.46810395245478,43.93795769518968
000168,-111.71224981922657,43.39000878814747,-112.79144331636779,42.615085683809006,-110.65027700926443,44.16150474962716
000169,-109.87160494266945,43.59834450706727,-110.9391728561844,42.83386576597474,-108.8215801633531,44.35915749874542
000170,-108.02041932501247,43.78091758053096,-109.07538779522805,43.02725852508803,-106.98328110802532,44.53065969941921
000171,-106.16001807701929,43.937497062202496,-107.20142650366205,43.1950295801264,-105.1366895872957,44.67578493106162
000172,-104.29176774816197,44.06788157727118,-105.31867361518725,43.3369720147861,-103.28315219930013,44.79433858105293
000173,-102.41707067463967,44.17190106997303,-103.42855434958913,43.45290812003912,-101.42404679848345,44.886159585892415
000174,-100.53735892661496,44.24941830580319,-101.53252837670246,43.5426909190246,-99.56077655121742,44.951121896502784
000175,-98.6540879167775,44.300330101532296,-99.63208328363271,43.60620544806374,-97.69476370656393,44.989135640387794
000176,-96.76872973945079,44.32456826048509,-97.72872771546483,43.643369771206,-95.82398426673905,45.000262523543746
000177,-94.88276631521265,44.3221001956303,-95.8274431498191,43.63848927548047,-93.91938220643961,45.00014795852518
000178,-92.99768242020784,44.29292922870638,-93.96025581105701,43.596450793434876,-92.01645012293417,44.984143500814184
000179,-91.11495868184844,44.23709455968921,-92.09464200398361,43.52807472223772,-90.11670857708764,44.9411445703999
000180,-89.2360646233329,44.154670907183956,-90.2320347719062,43.43344916501749,-88.22166285159149,44.871210914041505
000181,-87.36245183834657,44.0457678265805,-88.37385331747143,43.31269508610997,-86.33279588240482,44.77443916263726
000182,-85.49554737446827,43.91052871883213,-86.52149659102871,43.165965245755665,-84.451561454171,44.65096193281836
000183,-83.63674739930144,43.74912954829966,-84.67633710909907,42.99344287219667,-82.57937773570038,44.50094660693834
000184,-81.78741121732773,43.56177729306438,-82.83971506958636,42.79534009449141,-80.71762122429153,44.32459381459574
000185,-79.94885569814981,43.34870815531041,-81.01293282422081,42.57189616284073,-78.86762115905488,44.12213564385075
000186,-78.12235016839284,43.11018556269567,-79.19724976147582,42.32337548587817,-77.0306544537859,43.893833614387034
000187,-76.30911181033669,42.84649799400716,-77.39387764508092,42.0500655161796,-75.2079411896224,43.639976447931595
000188,-74.51030160064181,42.557956663806394,-75.60397644451716,41.75227451618431,-73.4006406970236,43.36087767322986
000189,-72.72702081259301,42.24489310122957,-73.82865068478641,41.43032923682089,-71.6098482458454,43.05687310378337
000190,-70.96030809539741,41.907656657673144,-72.06894633354997,41.08457254045738,-69.83659235174493,42.72831822643895
000191,-69.21113713448995,41.54661197684953,-70.32584823467928,40.715360998427236,-68.08183269709806,42.37558553785462
000193,-123.68318490905737,39.95318092095767,-124.79284102520937,39.118538111074066,-122.58731360232136,40.785341383331314
000194,-121.97744337692306,40.326179508243975,-123.08219677584516,39.49950359102272,-120.88693956160077,41.15024587611488
000195,-120.25436151618685,40.67599589550344,-121.35332096684321,39.85761138148154,-119.17010028567616,41.49162870583647
000196,-118.51482318972003,41.002283853890354,-119.60708270439554,40.192523407346705,-117.43769181334602,41.80913565338061
000197,-116.75977328539406,41.30470982387614,-117.84441548521858,40.503912891144395,-115.69066785305927,42.10242665316942
000198,-114.99021589091512,41.582955195600846,-116.06631561719813,40.79146651963008,-113.93003774067762,42.371178193135165
000199,-113.20721195385205,41.836718569119284,-114.27384009901795,41.05488659930898,-112.15686390987669,42.615085683809006
000200,-111.41187642562605,42.06571796693054,-112.46810395245478,41.293893175946096,-110.37225887850855,42.83386576597474
000201,-109.60537489617522,42.26969296983796,-110.65027700926443,41.50822609173926,-108.57738176183108,43.02725852508803
000202,-107.78891973432144,42.448406746454886,-108.8215801633531,41.69764695295136,-106.77343433132884,43.1950295801264
000203,-105.96376575736372,42.60164794662076,-106.98328110802532,41.86194098051324,-104.96165664571716,43.3369720147861
000204,-104.1312054618763,42.72923242968649,-105.1366895872957,42.00091871647386,-103.14332228842888,43.45290812003912
000205,-102.29256385587357,42.83100480009287,-103.28315219930013,42.11441756022629,-101.31973325321887,43.5426909190246
000206,-100.44919294017946,42.90683972490592,-101.42404679848345,42.202303110189554,-99.4922145262719,43.60620544806374
000207,-98.60246589377732,42.95664301095703,-99.56077655121742,42.264470289061656,-97.66210841916069,43.643369771206
000208,-96.7537710238986,42.98035242289974,-97.69476370656393,42.30084423383357,-95.8274431498191,43.65424771116637
000209,-94.90450554644596,42.97793822774427,-95.83076871198995,42.29606761668888,-93.96025581105701,43.654135710046226
000210,-93.05606926587882,42.94940345614179,-93.99955466991678,42.25492284277443,-92.09464200398361,43.63848927548047
000211,-91.20985822579925,42.89478387571874,-92.16982499883719,42.18799636094055,-90.2320347719062,43.596450793434876
000212,-89.36725840209377,42.81414767694083,-90.34293180728325,42.09536867359949,-88.37385331747143,43.52807472223772
000213,-87.52963950959015,42.707594877153625,-88.5202146414477,41.97715035144542,-86.52149659102871,43.43344916501749
000214,-85.69834899080847,42.57525645342631,-86.70299465874403,41.83348109871054,-84.67633710909907,43.31269508610997
000215,-83.87470625160233,42.41729321946107,-84.89256900247202,41.66452858639942,-82.83971506958636,43.165965245755665
000216,-82.0599972034241,42.233894465981365,-83.09020543608335,41.4704870729256,-81.01293282422081,42.99344287219667
000217,-80.25546916577353,42.025276387555955,-81.2971372903607,41.25157583453467,-79.19724976147582,42.79534009449141
000218,-78.46232617529802,41.79168032166607,-79.51455877070181,41.008037430210294,-77.39387764508092,42.57189616284073
000219,-76.68172474022546,41.533370827921345,-77.74362066482621,40.740135827381124,-75.60397644451716,42.32337548587817
000220,-74.91477007055892,41.25063363665198,-75.98542648380077,40.4481544156709,-73.82865068478641,42.0500655161796
000221,-73.16251280598331,40.943773496657045,-74.2410290615281,40.132393936174836,-72.06894633354997,41.75227451618431
000222,-71.42594625495613,40.61311195170833,-72.51142762996794,39.79317035334697,-70.32584823467928,41.43032923682089
000225,-123.18336576314752,38.670137499675704,-124.27038559741479,37.83799949899851,-122.10974253947748,39.49950359102272
000226,-121.50525784389444,39.036404789946914,-122.58731360232136,38.212304156925114,-120.43703327612793,39.85761138148154
000227,-119.81069303825754,39.379794704960666,-120.88693956160077,38.564036039078744,-118.74869668843445,40.192523407346705
000228,-118.10052099227232,39.699987483849185,-119.17010028567616,38.89288259997334,-117.04559291423917,40.503912891144395
000229,-116.3756474647957,39.996675452930184,-117.43769181334602,39.19854210346882,-115.32863510413421,40.79146651963008
000230,-114.6370325553527,40.2695650808208,-115.69066785305927,39.480725581916715,-113.59878746130087,41.05488659930898
000231,-112.88568847245476,40.51837900749448,-113.93003774067762,39.739158777676074,-111.85706284676176,41.293893175946096
000232,-111.12267684285018,40.74285802336997,-112.15686390987669,39.973584045305344,-110.10451995435534,41.50822609173926
000233,-109.34910556905967,40.94276297354254,-110.37225887850855,40.18376219169116,-108.34226006630655,41.69764695295136
000234,-107.56612524972502,41.11787656180147,-108.57738176183108,40.369474230769725,-106.5714234070029,41.86194098051324
000235,-105.77492518459013,41.26800502917792,-106.77343433132884,40.5305230293873,-104.79318511932912,42.00091871647386
000236,-103.97672899316021,41.39297968247795,-104.96165664571716,40.66673482127315,-103.00875089449667,42.11441756022629
000237,-102.17278988305121,41.49265824959201,-103.14332228842888,40.77796056708897,-101.2193522925478,42.202303110189554
000238,-100.36438561055722,41.566926040336426,-101.31973325321887,40.86407714007578,-99.42624179644282,42.264470289061656
000239,-98.55281318183555,41.61569689413988,-99.4922145262719,40.92498831892929,-97.63068764768849,42.30084423383357
000240,-96.73938334816341,41.63891389899073,-97.66210841916069,40.96062557215625,-95.83076871198995,42.31149055104276
000241,-94.92541495279762,41.636549869626094,-95.83396851567986,40.955945773396834,-93.99955466991678,42.31138093539704
000242,-93.11222918994456,41.60860757687714,-94.03736805618348,40.91563401841077,-92.16982499883719,42.29606761668888
000243,-91.30114383812246,41.55511972426571,-92.2421694165795,40.85005888796434,-90.34293180728325,42.25492284277443
000244,-89.49346753071819,41.476148672251945,-90.44964974653877,40.75929407977378,-88.5202146414477,42.18799636094055
000245,-87.69049412578585,41.371785914822844,-88.66107477270286,40.64344085274606,-86.70299465874403,42.09536867359949
000246,-85.89349723513243,41.242151317257054,-86.87769349466372,40.50262720303658,-84.89256900247202,41.97715035144542
000247,-84.10372496954848,41.087392127774294,-85.10073305714624,40.33700683427913,-83.09020543608335,41.83348109871054
000248,-82.32239495277261,40.907681779264855,-83.33139384985704,40.146757938255526,-81.2971372903607,41.66452858639942
000249,-80.55068965156103,40.70321850030139,-81.57084488208176,39.932081804804845,-79.51455877070181,41.4704870729256
000250,-78.78975206322853,40.47422375708681,-79.8202194739281,39.69320128178053,-77.74362066482621,41.25157583453467
000251,-77.04068179541449,40.22094054984113,-78.08061130027369,39.43035910731781,-75.98542648380077,41.008037430210294
000252,-75.30453156579712,39.94363158835103,-76.35307081715881,39.14381613755859,-74.2410290615281,40.740135827381124
000253,-73.58230414222766,39.6425773720016,-74.63860209373803,38.83384949330656,-72.51142762996794,40.4481544156709
000257,-122.7008054480979,37.38523585018216,-123.76601888090423,36.55512448782953,-121.64861368383386,38.212304156925114
000258,-121.04953878145089,37.745183568399135,-122.10974253947748,36.9231712766195,-120.00276341687187,38.564036039078744
000259,-119.38264116544087,38.08254461543478,-120.43703327612793,37.268917283137604,-118.34206912519969,38.89288259997334
000260,-117.70092934589088,38.39702345146825,-118.74869668843445,37.59207338857948,-116.66735657190983,39.19854210346882
000261,-116.00527172378098,38.68833602661479,-117.04559291423917,37.89236077301621,-114.97950030956265,39.480725581916715
000262,-114.29658664220142,38.956211638063806,-115.32863510413421,38.16951269149147,-113.2794218041162,39.739158777676074
000263,-112.57584026257327,39.200394757022494,-113.59878746130087,38.423276227726085,-111.56808717077321,39.973584045305344
000264,-110.84404403185438,39.42064680471815,-111.85706284676176,38.653414006522326,-109.8465045267222,40.18376219169116
000265,-109.10225174843792,39.61674785600481,-110.10451995435534,38.85970584518222,-108.11572097144271,40.369474230769725
000266,-107.35155624065233,39.7884982488444,-108.34226006630655,39.04195032384928,-106.37681921105585,40.5305230293873
000267,-105.59308567804214,39.935720078129556,-106.5714234070029,39.19996625469276,-104.63091384899717,40.66673482127315
000268,-103.82799954179981,40.05825855301395,-104.79318511932912,39.333594030310586,-102.87914737092332,40.77796056708897
000269,-102.05748428666503,40.15598319812809,-103.00875089449667,39.4426968326448,-101.12268585709249,40.86407714007578
000270,-100.2827487321529,40.22878888077736,-101.2193522925478,39.527161685086114,-99.36271446033489,40.92498831892929
000271,-98.50501922595778,40.27659664841947,-99.42624179644282,39.586900332273046,-97.6004326920167,40.96062557215625
000272,-96.72553462666072,40.29935436335405,-97.63068764768849,39.6218499343357,-95.83396851567986,40.971056013622075
000273,-94.94554115631831,40.29703712456467,-95.83704956197494,39.61726050540906,-94.03736805618348,40.97094862124072
000274,-93.16628717602401,40.269647469953654,-94.07377862115538,39.57772633028068,-92.2421694165795,40.955945773396834
000275,-91.38901793903182,40.217215355707864,-92.31183295753898,39.51341278301238,-90.44964974653877,40.91563401841077
000276,-89.61497037647084,40.139797913128675,-90.55242019683618,39.42438744373074,-88.66107477270286,40.85005888796434
000277,-87.84536797004239,40.037478986845244,-88.79673755933754,39.310743194257256,-86.87769349466372,40.75929407977378
000278,-86.08141576440092,39.91036846179794,-87.04596702323421,39.17259748869031,-85.10073305714624,40.64344085274606
000279,-84.32429556922673,39.75860138963249,-85.30127064269723,39.01009144069389,-83.33139384985704,40.50262720303658
000280,-82.57516139738644,39.58233692808893,-83.5637860660916,38.823388741187,-81.57084488208176,40.33700683427913
000281,-80.83513518115548,39.38175710952949,-81.83462229598638,38.61267442229875,-79.8202194739281,40.146757938255526
000282,-79.10530280337687,39.157065456863414,-80.1148557282164,38.37815348520239,-78.08061130027369,39.932081804804845
000283,-77.38671047479993,38.908485466753504,-78.40552650228062,38.12004941073921,-76.35307081715881,39.69320128178053
000284,-75.6803614828376,38.63625898110607,-76.7076351899664,37.838602572575226,-74.63860209373803,39.43035910731781
000289,-122.23464885584427,36.097930924571735,-123.27884444092213,35.269391995848295,-121.20311291247168,36.9231712766195
000290,-120.60945950634057,36.45194172262973,-121.64861368383386,35.63155640066816,-119.58334597261607,37.268917283137604
000291,-118.96941211668282,36.783642744911305,-120.00276341687187,35.97167930448178,-117.94946796595292,37.59207338857948
000292,-117.3152918371918,37.0927606769442,-118.34206912519969,36.28949314169152,-116.30227176834465,37.89236077301621
000293,-115.64793142334909,37.37903309089923,-116.66735657190983,36.584740122214676,-114.64259521030128,38.16951269149147
000294,-113.96820958586649,37.64221012833972,-114.97950030956265,36.857173845768365,-112.97131928553343,38.423276227726085
000295,-112.27704897314744,37.88205615000341,-113.2794218041162,37.10656089036324,-111.28936601245765,38.653414006522326
000296,-110.57541378877669,38.09835133458008,-111.56808717077321,37.33268235850153,-109.59769595405476,38.85970584518222
000297,-108.86430705188572,38.290893207943554,-109.8465045267222,37.53533536399889,-107.89730540642536,39.04195032384928
000298,-107.14476751361022,38.45949808415905,-108.11572097144271,37.714334442091506,-106.18922327141193,39.19996625469276
000299,-105.41786624826099,38.60400239984058,-106.37681921105585,37.86951286557993,-104.47450763364675,39.333594030310586
000300,-103.68470294314427,38.72426392410496,-104.63091384899717,38.00072385022392,-102.75424206722032,39.4426968326448
000301,-101.94640191605596,38.82016282746058,-102.87914737092332,38.107841633446064,-101.02953170172339,39.527161685086114
000302,-100.2041078942063,38.89160259447505,-101.12268585709249,38.19076241162698,-99.3014990815779,39.586900332273046
000303,-98.458981592575,38.93851076696219,-99.36271446033489,38.24940512286303,-97.57127985622195,39.6218499343357
000304,-96.71219513333494,38.96083950667683,-97.6004326920167,38.28371206398524,-95.83704956197494,39.63207888220463
000305,-94.96492735090919,38.95856596905472,-95.84001834175409,38.27920708943053,-94.07377862115538,39.63197356494164
000306,-93.2183590293559,38.931692482315746,-94.10886299698046,38.24039963168637,-92.31183295753898,39.61726050540906
000307,-91.47366812004516,38.88024652919204,-92.37896185838058,38.17726528531579,-90.55242019683618,39.57772633028068
000308,-89.73202498796259,38.804280531560295,-90.6514579792661,38.08986610879855,-88.79673755933754,39.51341278301238
000309,-87.99458773443618,38.70387144126985,-88.92748491832907,37.97828741824944,-87.04596702323421,39.42438744373074
000310,-86.26249764265046,38.57912014337595,-87.2081623218655,37.84263713902482,-85.30127064269723,39.310743194257256
000311,-84.53687479002959,38.430150680732076,-85.49459164224135,37.683044993500836,-83.5637860660916,39.17259748869031
000312,-82.81881386850621,38.25710931139247,-83.78785203269491,37.4996615366052,-81.83462229598638,39.01009144069389
000313,-81.10938024993374,38.06016341246259,-82.08899645540966,37.2926570525508,-80.1148557282164,38.823388741187
000314,-79.4096063295573,37.83950024586222,-80.39904803603847,37.06222032774346,-78.40552650228062,38.61267442229875
000315,-77.72048817565057,37.595325602896104,-78.71899669361677,36.80855731599029,-76.7076351899664,38.37815348520239
000316,-76.04298250828504,37.32786234554194,-77.04979607018265,36.53188971290903,-75.02213984341267,38.12004941073921
000322,-120.18424642965971,35.15612780956273,-121.20311291247168,34.336929954295435,-119.1780473378075,35.97167930448178
000323,-118.57026390212148,35.482512154557455,-119.58334597261607,34.671768310748874,-117.57019249977283,36.28949314169152
000324,-116.94290213228535,35.786597272121504,-117.94946796595292,34.98456428145228,-115.94967452874518,36.584740122214676
000325,-115.3029598796698,36.06814058040971,-116.30227176834465,35.275079427771125,-114.31729632473028,36.857173845768365
000326,-113.65127824057845,36.32691131033541,-114.64259521030128,35.54308602827743,-112.67390054858049,37.10656089036324
000327,-111.98873873421101,36.56269199967473,-112.97131928553343,35.78836852159252,-111.02036760378995,37.33268235850153
000328,-110.31626106261544,36.77527993674108,-111.28936601245765,36.01072490665082,-109.35761331313863,37.53533536399889
000329,-108.63480055231015,36.96448853756842,-109.59769595405476,36.20996808553376,-107.6865863001236,37.714334442091506
000330,-106.94534529006259,37.13014864049793,-107.89730540642536,36.385927133870034,-106.00826508946761,37.86951286557993
000331,-105.2489129699771,37.27210970235058,-106.18922327141193,36.53844848394288,-104.32365494530121,38.00072385022392
000332,-103.5465474736189,37.39024088100095,-104.47450763364675,36.66739700609668,-102.63378446977323,38.107841633446064
000333,-101.83931520926583,37.48443199014744,-102.75424206722032,36.77265697480656,-100.93970198875449,38.19076241162698
000334,-100.12830124042766,37.55459431339459,-101.02953170172339,36.854132906857146,-99.24247175486033,38.24940512286303
000335,-98.41460523739546,37.600661266400536,-99.3014990815779,36.91175026046047,-97.5431700011353,38.28371206398524
000336,-96.69933728868337,37.62258889776837,-97.57127985622195,36.94545598580057,-95.84001834175409,38.293752710890566
000337,-94.98361361171503,37.620356221526734,-95.8428808813344,36.94103001672134,-94.10886299698046,38.29364933285677
000338,-93.26855220391782,37.59396537640247,-94.14269233472733,36.902902419920444,-92.37896185838058,38.27920708943053
000339,-91.55526847646523,37.54344160957348,-92.44369191468955,36.840871359460856,-90.6514579792661,38.24039963168637
000340,-89.84487091322373,37.468833085137824,-90.74696262098901,36.754993891313326,-88.92748491832907,38.17726528531579
000341,-88.13845679700262,37.37021052007729,-89.05357877561156,36.64534847324549,-87.2081623218655,38.08986610879855
000342,-86.43710804398864,37.24766665295964,-87.36460198119315,36.51203438618791,-85.49459164224135,37.97828741824944
000343,-84.74188718530726,37.10131555295053,-85.68107719966487,36.35517100864847,-83.78785203269491,37.84263713902482
000344,-83.05383353204341,36.93129177883223,-84.00402898660924,36.17489695401294,-82.08899645540966,37.683044993500836
000345,-81.37395955685155,36.737749399601014,-82.33445791413313,35.97136908217915,-80.39904803603847,37.4996615366052
000346,-79.70324752157525,36.52086088979648,-80.67333721185456,35.744761398301726,-78.71899669361677,37.2926570525508
000347,-78.0426463761827,36.280815913974735,-79.02160965196974,35.49526385245017,-77.04979607018265,37.06222032774346
000348,-76.39306894991114,36.017820015653335,-77.38018470040214,35.223081054694944,-75.39236077954914,36.80855731599029
000349,-74.75538945091542,35.7320932266242,-75.74993595184218,34.92843092053138,-73.74756398966854,36.53188971290903
000354,-119.77317497211243,33.85720882512222,-120.77247761110767,33.03877753215019,-118.78618042026028,34.671768310748874
000355,-118.18450225920485,34.17859718483394,-119.1780473378075,33.36864833711472,-117.20358708665658,34.98456428145228
000356,-116.58309997546202,34.477955444939745,-117.57019249977283,33.67672970254703,-115.60894415759448,35.275079427771125
000357,-114.96973446869833,34.755059289950715,-115.94967452874518,33.962801044709295,-114.00302131023228,35.54308602827743
000358,-113.34521113524015,35.00969548365284,-114.31729632473028,34.22665183986359,-112.38662489170466,35.78836852159252
000359,-111.71037260643341,35.24166322609342,-112.67390054858049,34.46808293844385,-110.76059601559407,36.01072490665082
000360,-110.06609664324733,35.45077546114891,-111.02036760378995,34.686907836875214,-109.12580838543141,36.20996808553376
000361,-108.41329374667046,35.63686012072842,-109.35761331313863,34.88295389410274,-107.48316585470499,36.385927133870034
000362,-106.75290449564075,35.799761291689144,-107.6865863001236,35.056063479815485,-105.83359973663525,36.53844848394288
000363,-105.08589662828973,35.93934029184238,-106.00826508946761,35.20609504152738,-104.17806588069429,36.66739700609668
000364,-103.41326188622499,36.05547664201825,-104.32365494530121,35.33292407811092,-102.51754153643552,36.77265697480656
000365,-101.73601264532866,36.148068922034234,-102.63378446977323,35.43644400807831,-100.85302202855925,36.854132906857146
000366,-100.05517836002134,36.21703549957081,-100.93970198875449,35.516566921863244,-99.18551727019535,36.91175026046047
000367,-98.37180185104151,36.26231512237572,-99.24247175486033,35.5732242085626,-97.51604814405277,36.94545598580057
000368,-96.68693546943882,36.28386736587157,-97.5431700011353,35.60636704902756,-95.8428808813344,36.95532048335798
000369,-95.00163717160504,36.28167293009286,-95.84564278330215,35.60201504635632,-94.14269233472733,36.955218919390504
000370,-93.31696654170838,36.255733781882206,-94.17533278575706,35.56452397339817,-92.44369191468955,36.94103001672134
000371,-91.6339807988165,36.20607314038667,-92.50614939606238,35.503525967161565,-90.74696262098901,36.902902419920444
000372,-89.95373082626087,36.13273530605382,-90.8391196911474,35.41907353514097,-89.05357877561156,36.840871359460856
000373,-88.2772572604063,36.03578533548305,-89.17526280414539,35.31123889584771,-87.36460198119315,36.754993891313326
000374,-86.60558667495263,35.91530856658152,-87.5155862213201,35.180113460481294,-85.68107719966487,36.64534847324549
000375,-84.9397278952415,35.771410000453926,-85.86108218529289,35.02580718233151,-84.00402898660924,36.51203438618791
000376,-83.28066847481499,35.604213548273094,-84.21272423606287,34.848447782302244,-82.33445791413313,36.35517100864847
000377,-81.62937136373472,35.413861152990414,-82.57146391901004,34.64817986033824,-80.67333721185456,36.17489695401294
000378,-79.9867717949948,35.20051179711729,-80.93822768632405,34.42516390369785,-79.02160965196974,35.97136908217915
000379,-78.3537744118313,34.964340408916,-79.31391401518448,34.17957520392609,-77.38018470040214,35.744761398301726
000380,-76.73125065493458,34.70553668016247,-77.69939076260903,33.911602695032094,-75.74993595184218,35.49526385245017
000381,-75.12003642460346,34.424303809180095,-76.09549277326971,33.621447725761385,-74.13169886216365,35.223081054694944
000386,-119.37556583974872,32.55466642700562,-120.35599277604898,31.736596478281893,-118.40710109477814,33.36864833711472
000387,-117.81147695641265,32.871359322771895,-118.78618042026028,32.06179750383347,-116.84903765928274,33.67672970254703
000388,-116.23526755797593,33.16627700672179,-117.20358708665658,32.36544870175715,-115.27949982416645,33.962801044709295
000389,-114.64767309838611,33.439212021782325,-115.60894415759448,32.647346006273196,-113.69922566890891,34.22665183986359
000390,-113.0494650881024,33.689967280889874,-114.00302131023228,32.907294771514756,-112.10898713140779,34.46808293844385
000391,-111.44144937729374,33.91835730294551,-112.38662489170466,33.14511097181395,-110.50958821341275,34.686907836875214
000392,-109.82446417741136,34.12420940065026,-110.76059601559407,33.36062236021953,-108.90186294140715,34.88295389410274
000393,-108.19937782861685,34.30736480808434,-109.12580838543141,33.55366957395289,-107.28667309192983,35.056063479815485
000394,-106.567086324067,34.46767973596332,-107.48316585470499,33.72410717548978,-105.66490569361297,35.20609504152738
000395,-104.92851060555884,34.60502634280719,-105.83359973663525,33.87180461814623,-104.03747032143694,35.33292407811092
000396,-103.28459364844572,34.71929361080206,-104.17806588069429,33.99664712545832,-102.40529620180158,35.43644400807831
000397,-101.63629735697118,34.810388115919224,-102.51754153643552,34.098536474276635,-100.76932914990859,35.516566921863244
000398,-99.98459929415168,34.87823468287086,-100.85302202855925,34.177391672344655,-99.13052836357772,35.5732242085626
000399,-98.33048927299966,34.92277691671421,-99.18551727019535,34.23314952218192,-97.48986309991024,35.60636704902756
000400,-96.67496583814814,34.943977604339636,-97.51604814405277,34.265765064332,-95.84564278330215,35.61606663446522
000401,-95.01903266875472,34.941818980664024,-95.84830926311197,34.26148235012288,-94.17533278575706,35.615966768822446
000402,-93.36369493488283,34.916302856063346,-94.2068459332453,34.22458756533825,-92.50614939606238,35.60201504635632
000403,-91.7099556403418,34.867450603376035,-92.56645186665529,34.164557391415045,-90.8391196911474,35.56452397339817
000404,-90.05881198519708,34.79530300464725,-90.92810199928621,34.08144018589687,-89.17526280414539,35.503525967161565
000405,-88.41125178082875,34.69991995961983,-89.2927639840563,33.97530247179837,-87.5155862213201,35.41907353514097
000406,-86.76824994953161,34.581380059761365,-87.66139479289319,33.84622847160294,-85.86108218529289,35.31123889584771
000407,-85.13076513923531,34.4397800333106,-86.0349374129654,33.6943195218068,-84.21272423606287,35.180113460481294
000408,-83.49973648201862,34.27523406838308,-84.41431766510304,33.51969337519129,-82.57146391901004,35.02580718233151
000409,-81.87608052274517,34.08787302256832,-82.80044117042627,33.32248339921132,-80.93822768632405,34.848447782302244
000410,-80.26068834142288,33.87784352864257,-81.19419048884134,33.10283767990392,-79.31391401518448,34.64817986033824
000411,-78.65442288985183,33.645307006995836,-79.59642245038282,32.860918041528585,-77.69939076260903,34.42516390369785
000421,-114.33623100933738,32.120039281181725,-115.27949982416645,31.32817009066471,-113.40539976061385,32.907294771514756
000422,-112.7635321421137,32.3671510671034,-113.69922566890891,31.584454997500142,-111.84051476228679,33.14511097181395
000423,-111.18150066545094,32.59218336983488,-112.10898713140779,31.81887799253064,-110.26691139646968,33.36062236021953
000424,-109.59093747568816,32.794976729317696,-110.50958821341275,32.031279982227844,-108.68538628932394,33.55366957395289
000425,-107.99267123029493,32.97538460698206,-108.90186294140715,32.22151383617232,-107.09676164098846,33.72410717548978
000426,-106.38755604399203,33.133274343077154,-107.28667309192983,32.38944533393873,-105.50188290435747,33.87180461814623
000427,-104.77646898085709,33.2685280361046,-105.66490569361297,32.53495404165446,-103.90161627843867,33.99664712545832
000428,-103.16030735868628,33.38104333466743,-104.03747032143694,32.65793410895884,-102.29684603312533,34.098536474276635
000429,-101.53998588467819,33.47073413274615,-102.40529620180158,32.75829497765925,-100.68847168471773,34.177391672344655
000430,-99.91643364407784,33.53753116030569,-100.76932914990859,32.83596199413058,-99.07740504379323,34.23314952218192
000431,-98.29059096570764,33.58138246220836,-99.13052836357772,32.89087691842351,-97.46456715899706,34.265765064332
000432,-96.6634061902609,33.60225375963795,-97.48986309991024,32.922998324123256,-95.84830926311197,34.2753101691946
000433,-95.0358323687925,33.600128689603785,-95.8508851819568,32.91878053946777,-94.2068459332453,34.275211894435934
000434,-93.40882391997171,33.57500891956125,-94.23728917977454,32.88244454746257,-92.56645186665529,34.26148235012288
000435,-91.78333327533453,33.52691413572284,-92.6247089223881,32.823321411397735,-90.92810199928621,34.22458756533825
000436,-90.16030754196872,33.45588190520527,-91.01407067249653,32.74145568980697,-89.2927639840563,34.164557391415045
000437,-88.54068521177987,33.36196741372663,-89.40629400570322,32.63690868932757,-87.66139479289319,34.08144018589687
000438,-86.92539294572873,33.245243082094355,-87.80228868804596,32.509758044256984,-86.0349374129654,33.97530247179837
000439,-85.31534246021732,33.10579806617622,-86.20295163716669,32.36009718787342,-84.41431766510304,33.84622847160294
000440,-83.7114275411676,32.943737646387135,-84.60916399205048,32.1880347216889,-82.80044117042627,33.6943195218068
000441,-82.11452120931996,32.75918251392764,-83.02178831456519,31.993693689850776,-81.19419048884134,33.51969337519129
000442,-80.52547305793456,32.55226796204876,-81.44166594400325,31.77721076679766,-79.59642245038282,33.32248339921132
000443,-78.94510678145922,32.32314299147586,-79.86961452351528,31.538735366992025,-78.00796569744114,33.10283767990392
000454,-112.48693678651432,31.04068683140586,-113.40539976061385,30.25758558920967,-111.58076538246702,31.81887799253064
000455,-110.93008829961545,31.26256788390192,-111.84051476228679,30.48882390133458,-110.03216058874241,32.031279982227844
000456,-109.36511807815243,31.462491325560386,-110.26691139646968,30.69830827815519,-108.47601305905361,32.22151383617232
000457,-107.79281740300453,31.64032189102362,-108.68538628932394,30.885902891401773,-106.91310774072365,32.38944533393873
000458,-106.2140010210672,31.795937168714904,-107.09676164098846,31.051483871300846,-105.34425102036118,32.53495404165446
000459,-104.62950481752075,31.929228399783177,-105.50188290435747,31.19494010484858,-103.7702683994584,32.65793410895884
000460,-103.04018332053468,32.040101196373556,-103.90161627843867,31.316173960428877,-102.1920020194888,32.75829497765925
000461,-101.44690705561588,32.12847617145893,-102.29684603312533,31.415101931240542,-100.610308053919,32.83596199413058
000462,-99.85055976903027,32.19428947325389,-100.68847168471773,31.4916551906609,-99.0260539865045,32.89087691842351
000463,-98.2520355417012,32.23749321816464,-99.07740504379323,31.545780053478204,-97.44011579694047,32.922998324123256
000464,-96.6522358166654,32.2580558172944,-97.46456715899706,31.577438337860766,-95.8508851819568,32.93239866818909
000465,-95.05206636450812,32.25596219269947,-95.85337507634485,31.573281406296374,-94.23728917977454,32.93230188420722
000466,-93.4524342121712,32.23121388085367,-94.26671609612633,31.53746913787683,-92.6247089223881,32.91878053946777
000467,-91.8542445611036,32.18382902209804,-92.6810228545115,31.47919616603325,-91.01407067249653,32.88244454746257
000468,-90.25839772089361,32.1138422362004,-91.09717612535106,31.398503560223496,-89.40629400570322,32.823321411397735
000469,-88.6657860842765,32.02130438549528,-89.5160505337905,31.295447834071666,-87.80228868804596,32.74145568980697
000470,-87.0772911687605,31.906282228384715,-87.93851168297333,31.17010056471491,-86.20295163716669,32.63690868932757
000471,-85.49378074907209,31.76885796722928,-86.36541335515712,31.02254791375947,-84.60916399205048,32.509758044256984
000472,-83.91610610321571,31.60912869581583,-84.79759480948374,30.852890055160053,-83.02178831456519,32.36009718787342
000473,-82.34509939320725,31.427205752631355,-83.23587819718134,30.661240516249315,-81.44166594400325,32.1880347216889
000474,-80.78157119951776,31.22321398707818,-81.68106611322477,30.447725438923257,-79.86961452351528,31.993693689850776
000490,-106.046128931104,30.455077508920752,-106.91310774072365,29.70964336345888,-105.19174781394204,31.19494010484858
000491,-104.48736861749364,30.586528718713545,-105.34425102036118,29.851175281014154,-103.64320662137773,31.316173960428877
000492,-102.92401625682636,30.695861699551674,-103.7702683994584,29.97077217496658,-102.09058747908105,31.415101931240542
000493,-101.35690097307112,30.783003252915695,-102.1920020194888,30.068357045688405,-100.53470594290941,31.4916551906609
000494,-99.78686406347266,30.84789451429899,-100.610308053919,30.143866440106745,-98.97638798790082,31.545780053478204
000495,-98.21475633767997,30.890491345946064,-99.0260539865045,30.1972508709754,-97.41646741325296,31.577438337860766
000496,-96.64143537988097,30.910764632831974,-97.44011579694047,30.228475145663136,-95.85337507634485,31.586703010794825
000497,-95.06776275572335,30.908700478606278,-95.85578318476192,30.22437524115982,-94.26671609612633,31.586607623974277
000498,-93.4946011866387,30.884300299313214,-94.29517673573015,30.189053778498625,-92.6810228545115,31.573281406296374
000499,-91.92281171468387,30.837580813835615,-92.73548924797478,30.131577574528716,-91.09717612535106,31.53746913787683
000500,-90.35325088115802,30.768573931170405,-91.17755893486597,30.05198448404768,-89.5160505337905,31.47919616603325
000501,-88.78676794204378,30.677326535800102,-89.62221834829465,29.95032660269721,-87.93851168297333,31.398503560223496
000502,-87.22420214275996,30.563900173553996,-88.0702917311097,29.826669921159713,-86.36541335515712,31.295447834071666
000503,-85.66638007381572,30.42837064143028,-86.5225924358853,29.68109388962496,-84.79759480948374,31.17010056471491
000504,-84.11411312774389,30.270827485850923,-84.97992042989601,29.51369089711852,-83.23587819718134,31.02254791375947
000505,-82.56819507619298,30.091373414727144,-83.44305990491347,29.324565671078272,-81.68106611322477,30.852890055160053
000506,-81.02939978430811,29.890123629506387,-81.91277700892368,29.11383460325008,-80.13393930148254,30.661240516249315
000523,-104.34982692386438,29.23984440313474,-105.19174781394204,28.50308384037932,-103.5202249511192,29.97077217496658
000524,-102.81161414780414,29.347734233324903,-103.64320662137773,28.621146824047834,-101.99243707137947,30.068357045688405
000525,-101.26981810391483,29.433719899631857,-102.09058747908105,28.717473255793294,-100.46154155650525,30.143866440106745
000526,-99.72524030473694,29.497747142565533,-100.53470594290941,28.792004653363175,-98.92832547119285,30.1972508709754
000527,-98.1786910301496,29.539775281462674,-98.97638798790082,28.84469541078879,-97.39358309521397,30.228475145663136
000528,-96.63098680234998,29.5597774837084,-97.41646741325296,28.875513098044063,-95.85578318476192,30.23761267845096
000529,-95.08294781158607,29.557740942884063,-95.85811347174895,28.87146661682056,-94.29517673573015,30.23751860093199
000530,-93.5353953128244,29.533666963952882,-94.32271791864991,28.83660495145814,-92.73548924797478,30.22437524115982
000531,-91.98914901396373,29.487570954574597,-92.78819752194524,28.77987520559877,-91.17755893486597,30.189053778498625
000532,-90.4450244763302,29.419482322642853,-91.25535063115568,28.701312262878886,-89.62221834829465,30.131577574528716
000533,-88.90383054800826,29.329444281135757,-89.72497037596571,28.600964133883622,-88.0702917311097,30.05198448404768
000535,-85.83342133504952,29.08376004449215,-86.67474159473254,28.335168020830107,-84.97992042989601,29.826669921159713
000536,-84.305767935755,28.928266294566182,-85.15643155818086,28.169878449350417,-83.44305990491347,29.68109388962496
000537,-82.7841643216271,28.75112703209166,-83.64366061699192,27.983119492472586,-81.91277700892368,29.51369089711852
000538,-81.26934977782132,28.55244851912147,-82.13716060540384,27.774998489293125,-80.38981771513338,29.324565671078272
000539,-79.76204322090443,28.332347882423,-80.6376447081119,27.545632872593895,-78.87490584172446,29.11383460325008
000557,-101.18551845318369,28.080042213504182,-101.99243707137947,27.361872996300217,-100.3906989446071,28.792004653363175
000558,-99.66558906316862,28.143260207438132,-100.46154155650525,27.43548869237268,-98.88179004008524,28.84469541078879
000559,-98.14378128798279,28.184755722977695,-98.92832547119285,27.487529986067813,-97.37142640426762,28.875513098044063
000560,-96.62087316547185,28.204504039900012,-97.39358309521397,27.517967008545227,-95.85811347174895,28.884531525875804
000561,-95.09764611725984,28.2024933603386,-95.86036964968228,27.51397054409929,-94.32271791864991,28.884438674906562
000569,-82.99334109784076,27.40591559595793,-83.8379872874471,26.63635765360923,-82.13716060540384,28.169878449350417
000570,-81.50178807929537,27.20964663032251,-82.35455666771085,26.430681568107396,-80.6376447081119,27.983119492472586
000571,-80.01739868027637,26.992186971312407,-80.87779119362563,26.203980224457492,-79.14580561488499,27.774998489293125
000590,-99.60781716790737,26.78385489680426,-100.3906989446071,26.073743872345272,-98.83671007409296,27.487529986067813
000591,-98.10997245782724,26.824851949170817,-98.88179004008524,26.125177650723035,-97.34996318247092,27.517967008545227
000592,-96.61107861819312,26.84436266749517,-97.37142640426762,26.155258600702727,-95.86036964968228,27.526873926525273
000602,-81.72705933055987,25.861179234290166,-82.56528441724828,25.080349645272264,-80.87779119362563,26.63635765360923
000603,-80.26491954245212,25.646192205492202,-81.11060583867086,24.856141212721862,-79.40835412768394,26.430681568107396
000623,-98.08183538140692,25.65509169348745,-98.83671007409296,25.14896670388071,-97.3350449525937,26.155258600702727
000624,-96.60292730783073,25.67441113386562,-97.34996318247092,25.178807808165494,-95.8625551985085,26.164061213525976
000634,-81.91465987298487,24.700626603081105,-82.71183059264433,24.11223571029097,-81.11060583867086,25.283738146384167
000635,-80.47107797897336,24.487630455023062,-81.27253152460038,23.889706486214177,-79.66292786626204,25.080349645272264
